name,category
Krájač zeleniny CL50,Krájače zeleniny pre malé a stredné prevádzky
Krájač zeleniny CL20,Krájače zeleniny pre malé a stredné prevádzky
Krájač zeleniny CL30 Bistro,Krájače zeleniny pre malé a stredné prevádzky
Krájač zeleniny CL40,Krájače zeleniny pre malé a stredné prevádzky
Krájač zeleniny CL52,Krájače zeleniny pre stredné a veľké prevádzky
Krájač zeleniny CL55 PP 230V,Krájače zeleniny pre stredné a veľké prevádzky
Krájač zeleniny CL60 PP,Krájače zeleniny pre stredné a veľké prevádzky
Krájač zeleniny CL55 AH 230V,Krájače zeleniny pre stredné a veľké prevádzky
Krájač zeleniny CL60 AH,Krájače zeleniny pre stredné a veľké prevádzky
Kombinovaný robot R301,Kombinované roboty
Kombinovaný robot R301 Ultra,Kombinované roboty
Kombinovaný robot R401,Kombinované roboty
Kombinovaný robot R402 - 400,Kombinované roboty
Kombinovaný robot R402 VV,Kombinované roboty
Kombinovaný robot R502,Kombinované roboty
Kombinovaný robot R502 VV,Kombinované roboty
Kombinovaný robot R752,Kombinované roboty
Kombinovaný robot R752 VV,Kombinované roboty
Blixér 2,Blixéry
Blixér 3,Blixéry
Blixér 4,Blixéry
Blixér 4 V.V.,Blixéry
Blixér 5,Blixéry
Blixér 5 V.V.,Blixéry
Blixér 8,Blixéry
Blixér 10,Blixéry
Blixér 15,Blixéry
Blixér 20,Blixéry
Kuter R 2 B,Stolové modely
Kuter R 2,Stolové modely
Kuter R 3 - 1500,Stolové modely
Kuter R 3 - 3000,Stolové modely
Kuter R 4 - 1500,Stolové modely
Kuter R 4,Stolové modely
Kuter R 4 V.V.,Stolové modely
Kuter R 5 - 1500,Stolové modely
Kuter R 5,Stolové modely
Kuter R 5 V.V.,Stolové modely
Kuter R 7,Stolové modely
Kuter R 7 V.V.,Stolové modely
Kuter R 8,Stolové modely
Kuter R 10,Stolové modely
Kuter R 10 V.V.,Stolové modely
Kuter R 15,Veľkokapacitné kutre
Kuter R 20,Veľkokapacitné kutre
Kuter R 23,Veľkokapacitné kutre
Kuter R 30,Veľkokapacitné kutre
Kuter R 45,Veľkokapacitné kutre
Kuter R 60,Veľkokapacitné kutre
Pasírovač C80,Pasírovače
Pasírovač C120,Pasírovače
Pasírovač C200,Pasírovače
Odšťavovač C40,Odšťavovače
Odšťavovač J80,Odšťavovače
Odšťavovač J100,Odšťavovače
Ohrievač čokolády CHOCOLADY 5,Ohrievače čokolády
Výrobník ľadovej drte (GRANITOR) GRANISMART 1,Granitory
Výrobník ľadovej drte (GRANITOR) GRANISMART 2,Granitory
Výrovník zmrzlinového krému GRANISMART EVO1,Výrobníky zmrzlinového krému
Výrovník zmrzlinového krému GRANISMART EVO2,Výrobníky zmrzlinového krému
Ohrievač čokolády CHOCOLADY 10,Ohrievače čokolády
Výrobník ľadovej drte (GRANITOR) EASY SLUSH 1,Granitory
Výrobník ľadovej drte (GRANITOR) EASY SLUSH 2,Granitory
Výrobník ľadovej drte (GRANITOR) EASY SLUSH 3,Granitory
Krájač zeleniny CL52 - 400 V,Krájače zeleniny pre stredné a veľké prevádzky
Krájač zeleniny CL55 PP 400V,Krájače zeleniny pre stredné a veľké prevádzky
Krájač zeleniny CL55 AH 400V,Krájače zeleniny pre stredné a veľké prevádzky
Krájač zeleniny CL60 WS s kompletným príslušenstvom,Krájače zeleniny pre stredné a veľké prevádzky
Plátkovač 1 mm,"Disky pre modely CL 20, CL 30 Bistro, CL 40, R 301, R 401, R 402"
Plátkovač 2 mm,"Disky pre modely CL 20, CL 30 Bistro, CL 40, R 301, R 401, R 402"
Plátkovač 3 mm,"Disky pre modely CL 20, CL 30 Bistro, CL 40, R 301, R 401, R 402"
Plátkovač 4 mm,"Disky pre modely CL 20, CL 30 Bistro, CL 40, R 301, R 401, R 402"
Plátkovač 5 mm,"Disky pre modely CL 20, CL 30 Bistro, CL 40, R 301, R 401, R 402"
Plátkovač 6 mm,"Disky pre modely CL 20, CL 30 Bistro, CL 40, R 301, R 401, R 402"
Vlnkovač 2 mm,"Disky pre modely CL 20, CL 30 Bistro, CL 40, R 301, R 401, R 402"
"Strúhač 1,5 mm","Disky pre modely CL 20, CL 30 Bistro, CL 40, R 301, R 401, R 402"
Strúhač 2 mm,"Disky pre modely CL 20, CL 30 Bistro, CL 40, R 301, R 401, R 402"
Strúhač 3 mm,"Disky pre modely CL 20, CL 30 Bistro, CL 40, R 301, R 401, R 402"
Strúhač 6 mm,"Disky pre modely CL 20, CL 30 Bistro, CL 40, R 301, R 401, R 402"
Strúhač 9 mm,"Disky pre modely CL 20, CL 30 Bistro, CL 40, R 301, R 401, R 402"
Strúhač na parmezán,"Disky pre modely CL 20, CL 30 Bistro, CL 40, R 301, R 401, R 402"
Strúhač na zemiaky,"Disky pre modely CL 20, CL 30 Bistro, CL 40, R 301, R 401, R 402"
"Strúhač na chren 0,7 mm","Disky pre modely CL 20, CL 30 Bistro, CL 40, R 301, R 401, R 402"
Strúhač na chren 1 mm,"Disky pre modely CL 20, CL 30 Bistro, CL 40, R 301, R 401, R 402"
"Strúhač na chren 1,3 mm","Disky pre modely CL 20, CL 30 Bistro, CL 40, R 301, R 401, R 402"
Krájač rezancov 2x2 mm,"Disky pre modely CL 20, CL 30 Bistro, CL 40, R 301, R 401, R 402"
Krájač rezancov 2x4 mm,"Disky pre modely CL 20, CL 30 Bistro, CL 40, R 301, R 401, R 402"
Krájač rezancov 2x6 mm,"Disky pre modely CL 20, CL 30 Bistro, CL 40, R 301, R 401, R 402"
Krájač rezancov 4x4 mm,"Disky pre modely CL 20, CL 30 Bistro, CL 40, R 301, R 401, R 402"
Krájač rezancov 6x6 mm,"Disky pre modely CL 20, CL 30 Bistro, CL 40, R 301, R 401, R 402"
Krájač rezancov 8x8 mm,"Disky pre modely CL 20, CL 30 Bistro, CL 40, R 301, R 401, R 402"
Krájač kociek 8x8x8 mm,"Disky pre modely CL 20, CL 30 Bistro, CL 40, R 301, R 401, R 402"
Krájač kociek 10x10x10 mm,"Disky pre modely CL 20, CL 30 Bistro, CL 40, R 301, R 401, R 402"
Krájač kociek 12x12x12 mm,"Disky pre modely CL 20, CL 30 Bistro, CL 40, R 301, R 401, R 402"
Krájač hranoliek 8x8 mm,"Disky pre modely CL 20, CL 30 Bistro, CL 40, R 301, R 401, R 402"
Krájač hranoliek 10x10 mm,"Disky pre modely CL 20, CL 30 Bistro, CL 40, R 301, R 401, R 402"
"Plátkovač 0,6 mm","Disky pre modely CL 50, CL 52, CL 55, CL 60, R 502, R 752"
"Plátkovač 0,8 mm","Disky pre modely CL 50, CL 52, CL 55, CL 60, R 502, R 752"
Plátkovač 1 mm,"Disky pre modely CL 50, CL 52, CL 55, CL 60, R 502, R 752"
Plátkovač 2 mm,"Disky pre modely CL 50, CL 52, CL 55, CL 60, R 502, R 752"
Plátkovač 3 mm,"Disky pre modely CL 50, CL 52, CL 55, CL 60, R 502, R 752"
Plátkovač 4 mm,"Disky pre modely CL 50, CL 52, CL 55, CL 60, R 502, R 752"
Plátkovač 5 mm,"Disky pre modely CL 50, CL 52, CL 55, CL 60, R 502, R 752"
Plátkovač 6 mm,"Disky pre modely CL 50, CL 52, CL 55, CL 60, R 502, R 752"
Plátkovač 8 mm,"Disky pre modely CL 50, CL 52, CL 55, CL 60, R 502, R 752"
Plátkovač 10 mm,"Disky pre modely CL 50, CL 52, CL 55, CL 60, R 502, R 752"
Plátkovač 14 mm,"Disky pre modely CL 50, CL 52, CL 55, CL 60, R 502, R 752"
Vlnkovač 2 mm,"Disky pre modely CL 50, CL 52, CL 55, CL 60, R 502, R 752"
Vlnkovač 3 mm,"Disky pre modely CL 50, CL 52, CL 55, CL 60, R 502, R 752"
Vlnkovač 5 mm,"Disky pre modely CL 50, CL 52, CL 55, CL 60, R 502, R 752"
"Strúhač 1,5 mm","Disky pre modely CL 50, CL 52, CL 55, CL 60, R 502, R 752"
Strúhač 2 mm,"Disky pre modely CL 50, CL 52, CL 55, CL 60, R 502, R 752"
Strúhač 3 mm,"Disky pre modely CL 50, CL 52, CL 55, CL 60, R 502, R 752"
Strúhač 4 mm,"Disky pre modely CL 50, CL 52, CL 55, CL 60, R 502, R 752"
Strúhač 5 mm,"Disky pre modely CL 50, CL 52, CL 55, CL 60, R 502, R 752"
Strúhač 7 mm,"Disky pre modely CL 50, CL 52, CL 55, CL 60, R 502, R 752"
Strúhač 9 mm,"Disky pre modely CL 50, CL 52, CL 55, CL 60, R 502, R 752"
Strúhač na parmezán,"Disky pre modely CL 50, CL 52, CL 55, CL 60, R 502, R 752"
Strúhač na zemiaky,"Disky pre modely CL 50, CL 52, CL 55, CL 60, R 502, R 752"
Strúhač na chren,"Disky pre modely CL 50, CL 52, CL 55, CL 60, R 502, R 752"
Krájač rezancov 2x2 mm,"Disky pre modely CL 50, CL 52, CL 55, CL 60, R 502, R 752"
Krájač rezancov 2x4 mm,"Disky pre modely CL 50, CL 52, CL 55, CL 60, R 502, R 752"
Krájač rezancov 2x6 mm,"Disky pre modely CL 50, CL 52, CL 55, CL 60, R 502, R 752"
Krájač rezancov 2x8 mm,"Disky pre modely CL 50, CL 52, CL 55, CL 60, R 502, R 752"
Krájač rezancov 3x3 mm,"Disky pre modely CL 50, CL 52, CL 55, CL 60, R 502, R 752"
Krájač rezancov 4x4 mm,"Disky pre modely CL 50, CL 52, CL 55, CL 60, R 502, R 752"
Krájač rezancov 6x6 mm,"Disky pre modely CL 50, CL 52, CL 55, CL 60, R 502, R 752"
Krájač rezancov 8x8 mm,"Disky pre modely CL 50, CL 52, CL 55, CL 60, R 502, R 752"
Krájač kociek 5x5x5 mm,"Disky pre modely CL 50, CL 52, CL 55, CL 60, R 502, R 752"
Krájač kociek 8x8x8 mm,"Disky pre modely CL 50, CL 52, CL 55, CL 60, R 502, R 752"
Krájač kociek 10x10x10 mm,"Disky pre modely CL 50, CL 52, CL 55, CL 60, R 502, R 752"
Krájač kociek 14x14x14 mm,"Disky pre modely CL 50, CL 52, CL 55, CL 60, R 502, R 752"
Krájač kociek 20x20x20 mm,"Disky pre modely CL 50, CL 52, CL 55, CL 60, R 502, R 752"
Krájač kociek 25x25x25 mm,"Disky pre modely CL 50, CL 52, CL 55, CL 60, R 502, R 752"
Krájač hranoliek 8x8 mm,"Disky pre modely CL 50, CL 52, CL 55, CL 60, R 502, R 752"
Krájač hranoliek 10x10 mm,"Disky pre modely CL 50, CL 52, CL 55, CL 60, R 502, R 752"
Krájač hranoliek 10x16 mm,"Disky pre modely CL 50, CL 52, CL 55, CL 60, R 502, R 752"
Ponorný mixér Micromix,Ponorné mixéry
Ponorný mixér Mini MP 160 V.V.,Ponorné mixéry
Ponorný mixér Mini MP 190 V.V.,Ponorné mixéry
Ponorný mixér Mini MP 240 V.V.,Ponorné mixéry
Ponorný mixér CMP 250 V.V.,Ponorné mixéry
Ponorný mixér CMP 300 V.V.,Ponorné mixéry
Ponorný mixér CMP 350 V.V.,Ponorné mixéry
Ponorný mixér MP 350 Ultra,Ponorné mixéry
Ponorný mixér MP 350 V.V. Ultra,Ponorné mixéry
Ponorný mixér MP 450 Ultra,Ponorné mixéry
Ponorný mixér MP 450 V.V. Ultra,Ponorné mixéry
Ponorný mixér MP 550 Ultra,Ponorné mixéry
Ponorný mixér MP 600 Ultra,Ponorné mixéry
Ponorný mixér MP 800 Turbo,Ponorné mixéry
Ponorný mixér CMP 250 Combi,Kombinované ponorné mixéry
Ponorný mixér CMP 300 Combi,Kombinované ponorné mixéry
Ponorný mixér MP 350 Combi,Kombinované ponorné mixéry
Ponorný mixér MP 450 Combi,Kombinované ponorné mixéry
Ponorný mixér MP 450 FW Ultra,Špeciálne verzie
Ponorný mixér MP 450 XL FW Ultra,Špeciálne verzie
Robot Cook,Varný kuter
Mixér na koktaily SA 54,Mixér na koktaily-shaker
Odšťavovač SA 11,Odšťavovače
Odšťavovač SA 11 Chróm,Odšťavovače
Odšťavovač SA 10,Odšťavovače
Odšťavovač SA 10 Chróm,Odšťavovače
Odšťavovač SA 70,Odšťavovače
Odšťavovač SA 50,Odšťavovače
Odšťavovač SA 50 Chróm,Odšťavovače
Odšťavovač SA 68,Odšťavovače
Mlynček na mäso SA 12,Mlynček na mäso
Mlynček na kávu SA 1,Mlynčeky na kávu
Mlynček na mak SA 1 P,Mlynček na mak
Mlynček na kávu SA 40 A,Mlynčeky na kávu
Mlynček na kávu SA 55,Mlynčeky na kávu
Nádoba k mixéru SA 62,Mixéry
Mixér SA 37 - 2LP,Mixéry
Mixér SA 37 - 2 LI,Mixéry
Mixér SA 37 - 4 LP,Mixéry
Mixér SA 37 - 4 LI,Mixéry
Drvič ľadu SA 9,Drviče ľadu
Drvič ľadu SA 53,Drviče ľadu
Čerič chladených nápojov SA 34-1,Čeriče chladených nápojov
Čerič chladených nápojov SA 34-2,Čeriče chladených nápojov
Čerič chladených nápojov SA 34-3,Čeriče chladených nápojov
Strúhač syra SA 2,Strúhač syra
Výrobník kališkového ľadu chladený vzduchom SDE 18 A,Výrobníky kališkového ľadu chladené vzduchom
Výrobník kališkového ľadu chladený vzduchom SDE 24 A,Výrobníky kališkového ľadu chladené vzduchom
Výrobník kališkového ľadu chladený vzduchom SDE 30 A,Výrobníky kališkového ľadu chladené vzduchom
Výrobník kališkového ľadu chladený vzduchom SDE 40 A,Výrobníky kališkového ľadu chladené vzduchom
Výrobník kališkového ľadu chladený vzduchom SDE 50 A,Výrobníky kališkového ľadu chladené vzduchom
Výrobník kališkového ľadu chladený vzduchom SDE 64 A,Výrobníky kališkového ľadu chladené vzduchom
Výrobník kališkového ľadu chladený vzduchom SDE 84 A,Výrobníky kališkového ľadu chladené vzduchom
Výrobník kališkového ľadu chladený vzduchom SDE 100 A,Výrobníky kališkového ľadu chladené vzduchom
Výrobník kališkového ľadu chladený vzduchom SDE 170 A,Výrobníky kališkového ľadu chladené vzduchom
Výrobník kališkového ľadu chladený vodou SDE 18 W,Výrobníky kališkového ľadu chladené vodou
Výrobník kališkového ľadu chladený vodou SDE 24 W,Výrobníky kališkového ľadu chladené vodou
Výrobník kališkového ľadu chladený vodou SDE 30 W,Výrobníky kališkového ľadu chladené vodou
Výrobník kališkového ľadu chladený vodou SDE 40 W,Výrobníky kališkového ľadu chladené vodou
Výrobník kališkového ľadu chladený vodou SDE 50 W,Výrobníky kališkového ľadu chladené vodou
Výrobník kališkového ľadu chladený vodou SDE 64 W,Výrobníky kališkového ľadu chladené vodou
Výrobník kališkového ľadu chladený vodou SDE 84 W,Výrobníky kališkového ľadu chladené vodou
Výrobník kališkového ľadu chladený vodou SDE 100 W,Výrobníky kališkového ľadu chladené vodou
Výrobník kališkového ľadu chladený vodou SDE 170 W,Výrobníky kališkového ľadu chladené vodou
Výrobník šupinkového ľadu chladený vzduchom SPR 80 A,Výrobníky šupinkového ľadu chladené vzduchom
Výrobník šupinkového ľadu chladený vzduchom SPR 120 A,Výrobníky šupinkového ľadu chladené vzduchom
Výrobník šupinkového ľadu chladený vzduchom SPR 200 A,Výrobníky šupinkového ľadu chladené vzduchom
Výrobník šupinkového ľadu chladený vodou SPR 80 W,Výrobníky šupinkového ľadu chladené vodou
Výrobník šupinkového ľadu chladený vodou SPR 120 W,Výrobníky šupinkového ľadu chladené vodou
Výrobník šupinkového ľadu chladený vodou SPR 200 W,Výrobníky šupinkového ľadu chladené vodou
Výrobník ľadovej drte chladený vzduchom SMI 80 A,Výrobníky ľadovej drte
Výrobník ľadovej drte chladený vodou SMI 80 W,Výrobníky ľadovej drte
Mixér SA 62,Mixéry
Vákuový baliaci stroj s externým saním ECO SMALL,Vákuové baličky s externým saním
Vákuový baliaci stroj s externým saním ECO ELIX,Vákuové baličky s externým saním
Vákuový baliaci stroj s externým saním ECO MEDIUM,Vákuové baličky s externým saním
Vákuový baliaci stroj s externým saním a  automatickým otváraním ECO PETIT,Vákuové baličky s externým saním a s automatickým otváraním
Vákuový baliaci stroj s externým saním a  automatickým otváraním ECO PROFIT,Vákuové baličky s externým saním a s automatickým otváraním
Vákuový baliaci stroj s externým saním a  automatickým otváraním ECO STAR,Vákuové baličky s externým saním a s automatickým otváraním
Vákuový baliaci stroj s externým saním a  automatickým otváraním ECO PLUS,Vákuové baličky s externým saním a s automatickým otváraním
Vákuový baliaci stroj komorový s jedným programom ECO TYPE,Komorové vákuové baličky s jedným programom
Vákuový baliaci stroj komorový s jedným programom ECO MIX,Komorové vákuové baličky s jedným programom
Vákuový baliaci stroj komorový s jedným programom ECO FLEX,Komorové vákuové baličky s jedným programom
Vákuový baliaci stroj komorový s jedným programom ECO PACK,Komorové vákuové baličky s jedným programom
Vákuový baliaci stroj komorový s deviatimi programami ECO 25 DIGIT,Komorové vákuové baličky s 9-timi programami
Vákuový baliaci stroj komorový s deviatimi programami ECO 30 DIGIT,Komorové vákuové baličky s 9-timi programami
Vákuový baliaci stroj komorový s deviatimi programami ECO 35 DIGIT,Komorové vákuové baličky s 9-timi programami
Vákuový baliaci stroj komorový s deviatimi programami ECO 40 DIGIT,Komorové vákuové baličky s 9-timi programami
Vákuový baliaci stroj komorový s deviatimi programami ECO 45 DIGIT,Komorové vákuové baličky s 9-timi programami
Vákuový baliaci stroj komorový s deviatimi programami ECO 45 DUO DIGIT,Komorové vákuové baličky s 9-timi programami
Vákuový baliaci stroj komorový s deviatimi programami ECO 50 SUPER,Komorové vákuové baličky s 9-timi programami
Pultová chladiaca vitrína IRON 4,Pultové chladiace vitríny so vstavaným kompresorom
Pultová chladiaca vitrína IRON 6,Pultové chladiace vitríny so vstavaným kompresorom
Pultová chladiaca vitrína IRON 8,Pultové chladiace vitríny so vstavaným kompresorom
Pultová chladiaca vitrína IRON 6/2,Pultové chladiace vitríny so vstavaným kompresorom
Pultová chladiaca vitrína IRON 8/2,Pultové chladiace vitríny so vstavaným kompresorom
Pultová chladiaca vitrína IRONR 6,Pultové chladiace vitríny s externým kompresorom
Pultová chladiaca vitrína IRONR 8,Pultové chladiace vitríny s externým kompresorom
Pultová chladiaca vitrína IRONR 6/2,Pultové chladiace vitríny s externým kompresorom
Pultová chladiaca vitrína IRONR 8/2,Pultové chladiace vitríny s externým kompresorom
Pultová chladiaca vitrína IRONS 6,Pultové chladiace vitríny s dvojitým chladením
Pultová chladiaca vitrína IRONS 8,Pultové chladiace vitríny s dvojitým chladením
Pultová vyhrievaná vitrína IRONH 4,Pultové vyhrievané vitríny
Pultová vyhrievaná vitrína IRONH 6,Pultové vyhrievané vitríny
Pultová neutrálna vitrína IRONN,Pultové neutrálne vitríny
Pultová neutrálna vitrína IRONN 2,Pultové neutrálne vitríny
Fritéza s vodnou clonou F 10,Fritézy s vodnou clonou
Fritéza s vodnou clonou F10+10,Fritézy s vodnou clonou
Fritéza s vodnou clonou FH10,Fritézy s vodnou clonou
Fritéza s vodnou clonou FH 10+10,Fritézy s vodnou clonou
Fritéza s vodnou clonou FH 17,Fritézy s vodnou clonou
Fritéza s vodnou clonou FH 17+17,Fritézy s vodnou clonou
Fritéza s vodnou clonou FH 25,Fritézy s vodnou clonou
Fritéza s vodnou clonou FH 25+25,Fritézy s vodnou clonou
Fritéza s vodnou clonou FH 35,Fritézy s vodnou clonou
Fritéza s vodnou clonou FH 35+35,Fritézy s vodnou clonou
Gril na drevené uhlie HBR 4,Gril na drevené uhlie
Shaker F 4,Shakery
Barový mixér P 100,Barové mixéry
Barový mixér P 102,Barové mixéry
Barový mixér P 103,Barové mixéry
Barový mixér P 105,Barové mixéry
Barový mixér B 102,Barové mixéry
Mlynček na kávu M2D,Mlynčeky na kávu
Mlynček na kávu M120 Touch,Mlynčeky na kávu
Mlynček na kávu MXD,Mlynčeky na kávu
Mikrovlnná rúra MXP5223,Vysokovýkonné kombinované rúry XpressChef
Mikrovlnná rúra JET514,Vysokovýkonné kombinované rúry XpressChef
Mikrovlnná rúra MSO5353,Vysokovýkonné modely 2x GN 1/1
Mikrovlnná rúra MSO5211,Vysokovýkonné modely 2x GN 1/1
Mikrovlnná rúra MOC5241,Vysokovýkonné kompaktné modely
Mikrovlnná rúra DEC21E2,Vysokovýkonné kompaktné modely
Mikrovlnná rúra DEC18E2,Vysokovýkonné kompaktné modely
Mikrovlnná rúra DEC14E2,Vysokovýkonné kompaktné modely
Mikrovlnná rúra RFS518TS,Stredne výkonné modely
Mikrovlnná rúra RCS511TS,Stredne výkonné modely
Mikrovlnná rúra RCS511DSE,Stredne výkonné modely
Tvarovač cesta IF 30,Tvarovače cesta
Tvarovač cesta IF 40,Tvarovače cesta
Tvarovač cesta IF 40 P,Tvarovače cesta
Tvarovač cesta IPs 33,Tvarovače cesta
Tvarovač cesta IPs 45,Tvarovače cesta
Pec na pizzu PM 60.60,Elektrické pece na pizzu
Pec na pizzu PM 65.105,Elektrické pece na pizzu
Pec na pizzu PM 105.65,Elektrické pece na pizzu
Pec na pizzu PD 60.60,Elektrické pece na pizzu
Priebežná pec na pizzu T 64 E,Elektrické priebežné pece na pizzu
Priebežná pec na pizzu T 75 E,Elektrické priebežné pece na pizzu
Priebežná pec na pizzu TT 96 E,Elektrické priebežné pece na pizzu
Priebežná pec na pizzu TT 98 E,Elektrické priebežné pece na pizzu
Priebežná pec na pizzu T 75 G,Plynové priebežné pece na pizzu
Špirálový miesič cesta IM 8,Špirálové miesiče cesta
Špirálový miesič cesta IM 12,Špirálové miesiče cesta
Špirálový miesič cesta IM 18,Špirálové miesiče cesta
Kávovar na filtrovanú kávu Novo,Kávovary na filtrovanú kávu s ručným plnením
Kávovar na filtrovanú kávu Mondo,Kávovary na filtrovanú kávu s ručným plnením
Kávovar na filtrovanú kávu ISO,Kávovary na filtrovanú kávu s ručným plnením
Kávovar na filtrovanú kávu TH,Kávovary na filtrovanú kávu s ručným plnením
Kávovar na filtrovanú kávu MATIC,Kávovary na filtrovanú kávu s pripojením na vodu
Kávovar na filtrovanú kávu THa,Kávovary na filtrovanú kávu s pripojením na vodu
Kávovar B-Series B 5,Kávovary  B - series
Kávovar B-Series B 10,Kávovary  B - series
Kávovar B-Series B 20,Kávovary  B - series
Kávovar B-Series B 40,Kávovary  B - series
Kávovar B-Series B 5 HW,Kávovary B HW - series
Kávovar B-Series B 10 HW,Kávovary B HW - series
Kávovar B-Series B 20 HW,Kávovary B HW - series
Automat na instantné nápoje BOLERO 11,Automaty na prípravu instantných nápojov
Automat na instantné nápoje BOLERO 21,Automaty na prípravu instantných nápojov
Automat na instantné nápoje BOLERO 43,Automaty na prípravu instantných nápojov
Automat na instantné nápoje BOLERO 32,Automaty na prípravu instantných nápojov
Automatický espreso kávovar ESPRECIOUS 12,Automatické espresso kávovary
Filtre papierové košíkové MONDO,Papierové košíkové filtre
Filtre papierové košíkové B 5,Papierové košíkové filtre
Filtre papierové košíkové B 10,Papierové košíkové filtre
Filtre papierové košíkové B 20,Papierové košíkové filtre
Filtre papierové košíkové B 40,Papierové košíkové filtre
Filtre papierové kruhové B 5,Papierové kruhové filtre
Filtre papierové kruhové B 10,Papierové kruhové filtre
Filtre papierové kruhové B 20,Papierové kruhové filtre
Filtre papierové kruhové B 40,Papierové kruhové filtre
Termos VG 5,Termosy
Termos VG 10,Termosy
Termos VHG 5,Termosy
Termos VHG 10,Termosy
Termos VHG 20,Termosy
Termos VHG 40,Termosy
Ohrievač vody HWA 6,Ohrievače vody
Ohrievač vody HWA 14D,Ohrievače vody
Ohrievač vody HWA 21,Ohrievače vody
Ohrievač vody HWA 21,Ohrievače vody
Ohrievač tanierov DW 106,Ohrievače tanierov
Ohrievač tanierov DW 110,Ohrievače tanierov
Gril a hriankovač BAR 1000,Grily a hriankovače
Gril a hriankovač BAR 2000,Grily a hriankovače
Prechodový hriankovač CT 540 B,Grily a hriankovače
Prechodový hriankovač CT 3000,Grily a hriankovače
Varič vajíčok CO 60,Varič vajíčok
Platňa na palacinky CSE 350,Elektrické platne na palacinky
Platňa na palacinky CSE 400,Elektrické platne na palacinky
Platňa na palacinky CDE 350,Elektrické platne na palacinky
Platňa na palacinky CDE 400,Elektrické platne na palacinky
Platňa na palacinky CFE 400,Elektrické platne na palacinky
Platňa na palacinky CFG 400,Plynové platne na palacinky
Platňa na palacinky CDG 400,Plynové platne na palacinky
Vaflovač GES 10,Vaflovače
Vaflovač GES 20,Vaflovače
Vaflovač GES 75,Vaflovače
Vaflovač GES 40,Vaflovače
Vaflovač GES 23,Vaflovače
Vaflovač GED 10,Vaflovače
Vaflovač GED 20,Vaflovače
Vaflovač GED 75,Vaflovače
Vaflovač GED 40,Vaflovače
Krájač zeleniny CL50 Gourmet,Krájače zeleniny pre malé a stredné prevádzky
Elektrická stolová fritéza FD 50,Elektrické fritézy
Elektrická stolová fritéza FD 80,Elektrické fritézy
Elektrická stolová fritéza RF 8 SP,Elektrické fritézy
Elektrická stolová fritéza MF 120 R,Elektrické fritézy
Elektrická stolová fritéza FD 50 D,Elektrické fritézy
Elektrická stolová fritéza FD 80 D,Elektrické fritézy
Elektrická stolová fritéza MF 120 DR,Elektrické fritézy
Plynové varidlo GST 7,Plynové varidlá
Plynové varidlo GST 14,Plynové varidlá
Plynové varidlo GST 21,Plynové varidlá
Plynové varidlo GAR 14 XL,Plynové varidlá
Elektrické varidlo ELR 2,Elektrické varidlá
Elektrické varidlo ELR 3,Elektrické varidlá
Elektrické varidlo ELR 4,Elektrické varidlá
Elektrické varidlo ELR 5 XL,Elektrické varidlá
Grilovacia platňa elektrická PSR 400 EE,Elektrické grilovacie platne
Grilovacia platňa elektrická PSR 600 EE,Elektrické grilovacie platne
Grilovacia platňa elektrická PSR 900 EE,Elektrické grilovacie platne
Grilovacia platňa plynová PSR 400 GE,Plynové grilovacie platne
Grilovacia platňa plynová PSR 600 GE,Plynové grilovacie platne
Grilovacia platňa plynová PSR 900 GE,Plynové grilovacie platne
Kontaktný gril SAVOYE,Kontaktné grily
Kontaktný gril PANINI,Kontaktné grily
Kontaktný gril PANINI XL B,Kontaktné grily
Kontaktný gril DOUBLE PANINI,Kontaktné grily
Kontaktný gril MAJESTIC,Kontaktné grily
Salamander SEM 600,Elektrické salamandre
Salamander SGM 600,Plynové salamandre
Salamander SEM 600 PDS,Elektrické salamandre
Salamander SEM 800,Elektrické salamandre
Salamander SEM 800 PDS,Elektrické salamandre
Salamander SGM 800,Plynové salamandre
Konvektická rúra FC 280,Konvektické rúry
Konvektická rúra FC 380,Konvektické rúry
Konvektická rúra FC 380 TQ,Konvektické rúry
Konvektická rúra FCV 280,Konvektické rúry
Konvektická rúra FC 60,Konvektické rúry
Konvektická rúra FC 60 TQ,Konvektické rúry
Konvektická rúra FC 110 E,Konvektické rúry
Konvektická rúra FC 110 EG,Konvektické rúry
Kysiareň EP 800,Konvektické rúry
Elektrický gril na gyros GR 40 E,Elektrické grily na gyros
Elektrický gril na gyros GR 60 E,Elektrické grily na gyros
Elektrický gril na gyros GR 80 E,Elektrické grily na gyros
Plynový gril na gyros GR 40 G,Plynové grily na gyros
Plynový gril na gyros GR 60 G,Plynové grily na gyros
Plynový gril na gyros GR 80 G,Plynové grily na gyros
Lávový gril 140,Lávové grily
Lávový gril 140 D,Lávové grily
Gril na kurčatá RBE 80,Elektrické grily na kurčatá
Gril na kurčatá RBE 120,Elektrické grily na kurčatá
Gril na kurčatá RBE 200,Elektrické grily na kurčatá
Gril na kurčatá RBG 80,Plynové grily na kurčatá
Gril na kurčatá RBG 120,Plynové grily na kurčatá
Gril na kurčatá RBG 200,Plynové grily na kurčatá
Gril na kurčatá RBG 30,Plynové grily na kurčatá
Košíkový gril na kurčatá RBE 25,Elektrické grily na kurčatá
Mobilná skriňa na kurčatá RE 2,Elektrické grily na kurčatá
Sterilizátor UVC 120,Sterilizátory
Stroj na Hot-Dog CS 3 E,Stroje na hot-dog
Opekač párkov RG 5 B,Stroje na hot-dog
Opekač párkov RG 7 B,Stroje na hot-dog
Opekač párkov RG 9 B,Stroje na hot-dog
Opekač párkov RG 11 B,Stroje na hot-dog
Zásobník na ohrev pečiva CB20,Stroje na hot-dog
Ohrievač toppingov WI 1,Ohrievače toppingov
Pultová vyhrievaná vitrína WD 100,Pultové vyhrievané vitríny
Pultová vyhrievaná vitrína WD 200,Pultové vyhrievané vitríny
Pultová vyhrievaná vitrína WDL 100,Pultové vyhrievané vitríny
Pultová vyhrievaná vitrína WDL 200,Pultové vyhrievané vitríny
Pultová vyhrievaná vitrína WD780S,Pultové vyhrievané vitríny
Pultová vyhrievaná vitrína WD780D,Pultové vyhrievané vitríny
Pec na pizzu PZ 430 S,Pece na pizzu
Pec na pizzu PZ 430 D,Pece na pizzu
Pec na pizzu PZ 4302 D,Pece na pizzu
Mobilný šalátový bar SB 40 F,Mobilné šalátové bary
Mobilný šalátový bar SB 40 C,Mobilné šalátové bary
Mobilný šalátový bar SB 40 M,Mobilné šalátové bary
Bufetový ostrov SBC 40 F,Mobilné šalátové bary
Bufetový ostrov SBC 40 C,Mobilné šalátové bary
Sklo-keramický gril  GVS 335,Sklo-keramické grily
Sklo-keramický gril GVD 335,Sklo-keramické grily
Skrinka na taniere HVC 60 GN,Vyhrievané skrinky na taniere
Skrinka na taniere HVC 120 GN,Vyhrievané skrinky na taniere
Chladiaca vitrína skriňová RD 60 F,Chladiace vitríny
Chladiaca vitrína skriňová RD 60 T,Chladiace vitríny
Nástroj na čistenie kockovačov,"Disky pre modely CL 50, CL 52, CL 55, CL 60, R 502, R 752"
Nástroj na čistenie kockovačov,"Disky pre modely CL 20, CL 30 Bistro, CL 40, R 301, R 401, R 402"
Sada diskov 1907,Sady diskov ku krájačom a robotom
Sada diskov 1946,Sady diskov ku krájačom a robotom
Sada diskov 1945,Sady diskov ku krájačom a robotom
Sada diskov 1933,Sady diskov ku krájačom a robotom
Sada diskov 2005,Sady diskov ku krájačom a robotom
Krájač rezancov 1x26 mm,"Disky pre modely CL 50, CL 52, CL 55, CL 60, R 502, R 752"
Strúhač na zemiaky Germany,"Disky pre modely CL 50, CL 52, CL 55, CL 60, R 502, R 752"
Blixér 4 - 3000,Blixéry
Šľahací nadstavec k  MMP 190 / 240 V.V. 27333,Ponorné mixéry
Pultová chladiaca vitrína IRONS 4,Pultové chladiace vitríny s dvojitým chladením
Pultová chladiaca vitrína CD 1200,Chladiace vitríny
Pultová chladiaca vitrína CD 800,Chladiace vitríny
Lis na ovocie a zeleninu SA 65,Odšťavovače
Indukčná platňa PIS 30,Indukčné platne
Indukčná platňa PID 30,Indukčné platne
Indukčná platňa PIW 30,Indukčné platne
Priebežná pec na pizzu T 64 G,Plynové priebežné pece na pizzu
Priebežná pec na pizzu TT 98 G,Plynové priebežné pece na pizzu
Zmäkčovač vody,Zmäkčovač vody
Krájač zeleniny CL50-400V,Krájače zeleniny pre malé a stredné prevádzky
Automatický espreso kávovar ESPRECIOUS 11,Automatické espresso kávovary
Automatický espreso kávovar ESPRECIOUS 22,Automatické espresso kávovary
Automatický espreso kávovar ESPRECIOUS 11L,Automatické espresso kávovary
Automatický espreso kávovar ESPRECIOUS 21L,Automatické espresso kávovary
Automatický espreso kávovar SEGO 12,Automatické espresso kávovary
Chladiaca vitrína skriňová RD 600 F,Chladiace vitríny
Chladiaca vitrína skriňová RD 800 F,Chladiace vitríny
Vákuový baliaci stroj komorový s jedným programom ECO TOP,Komorové vákuové baličky s jedným programom
Plátkovač 4 mm,"Disky pre modely CL 50, CL 52, CL 55, CL 60, R 502, R 752"
Plátkovač 6 mm,"Disky pre modely CL 50, CL 52, CL 55, CL 60, R 502, R 752"
Krájač kociek 12x12x12 mm,"Disky pre modely CL 50, CL 52, CL 55, CL 60, R 502, R 752"
Krájač kociek 14x14x5 mm,"Disky pre modely CL 50, CL 52, CL 55, CL 60, R 502, R 752"
Sada diskov 2006,Sady diskov ku krájačom a robotom
Blixér B 23,Blixéry
Blixér B 30,Blixéry
Blixér B 45,Blixéry
Blixér B 60,Blixéry
Termos HM 520,Termosy
Strúhací disk k strúhaču syra SA 2,Strúhač syra
Mikrovlnná rúra MRX 523,Vysokovýkonné kombinované rúry XpressChef
Mikrovlnná rúra MRX 51,Vysokovýkonné kombinované rúry XpressChef
Výrobník ľadovej drte (GRANITOR) GRANISMART 3,Granitory
Pec na pizzu Neapolis 6,Elektrické pece na pizzu
Kontaktný gril PANINI PREMIUM,Kontaktné grily
Krájač kociek 50x70x25 mm,"Disky pre modely CL 50, CL 52, CL 55, CL 60, R 502, R 752"
Pultová chladiaca vitrína CUB4,Pultové chladiace vitríny so vstavaným kompresorom
Pultová chladiaca vitrína CUB6,Pultové chladiace vitríny so vstavaným kompresorom
Pultová chladiaca vitrína CUB8,Pultové chladiace vitríny so vstavaným kompresorom
Pultová vyhrievaná vitrína CUBH 4,Pultové vyhrievané vitríny
Pultová vyhrievaná vitrína CUBH 6,Pultové vyhrievané vitríny
Pultová neutrálna vitrína CUBN 4,Pultové neutrálne vitríny
Pultová neutrálna vitrína CUBN 6,Pultové neutrálne vitríny
Pultová neutrálna vitrína CUBN 8,Pultové neutrálne vitríny
Plynová stolová fritéza RFG 8,Plynové fritézy
Plynová stolová fritéza RFG 12 B,Plynové fritézy
Plynová fritéza s podstavou RFG 16,Plynové fritézy
Kombinovaný robot R402 - 230,Kombinované roboty
Krájač zeleniny CL55 WS s kompletným príslušenstvom,Krájače zeleniny pre stredné a veľké prevádzky
Šľahací nadstavec k  MMP 190 / 240 V.V.,Príslušenstvo k ponorným mixérom
Mixovací nadstavec k  MP 350 / 450 Combi,Príslušenstvo k ponorným mixérom
Nerezový držiak mixéra k CMP a MP modelom,Príslušenstvo k ponorným mixérom
Nerezový držiak mixéra k CMP a MP modelom,Príslušenstvo k ponorným mixérom
Nerezový držiak mixéra k CMP a MP modelom,Príslušenstvo k ponorným mixérom
Nerezový držiak mixéra k CMP a MP modelom,Príslušenstvo k ponorným mixérom
Sous vide WATER CHEF S,SOUS VIDE variče
Sous vide WATER CHEF L,SOUS VIDE variče
Sous vide WATER CHEF XL,SOUS VIDE variče
Ohrievač vody HWA 6D,Ohrievače vody
Ohrievač vody HWA 14,Ohrievače vody
Ohrievač vody HWA 8,Ohrievače vody
Ohrievač vody HWA 12,Ohrievače vody
Stanica na hot-dog HDS 60,Stroje na hot-dog
Držiak na 6 diskov,"Disky pre modely CL 50, CL 52, CL 55, CL 60, R 502, R 752"
Ohrievač žemlí a rohlíkov BW 30,Stroje na hot-dog
Držiak na 6 diskov,"Disky pre modely CL 20, CL 30 Bistro, CL 40, R 301, R 401, R 402"
Pultová vyhrievaná vitrína HD 800,Pultové vyhrievané vitríny
Pultová vyhrievaná vitrína HD 1200,Pultové vyhrievané vitríny
Pultová chladiaca vitrína  .CUBS 4,Pultové chladiace vitríny s dvojitým chladením
Pultová chladiaca vitrína .CUBS 6,Pultové chladiace vitríny s dvojitým chladením
Pultová chladiaca vitrína .CUBS 8,Pultové chladiace vitríny s dvojitým chladením
Blixér 5 - 3000,Blixéry
Odšťavovač J80 Buffet,Odšťavovače
ECO FROST 3,Šokové zmrazovače
ECO FROST 5,Šokové zmrazovače
ECO FROST 10,Šokové zmrazovače
Grilovacia platňa elektrická PL 400 E,Záhradné grily
Grilovacia platňa elektrická PL 600 E,Záhradné grily
Grilovacia platňa elektrická PL 400 G,Záhradné grily
Grilovacia platňa elektrická PL 600 G,Záhradné grily
Mobilný vozík CHPS 400,Elektrické grilovacie platne
Mobilný vozík CHPS 600,Elektrické grilovacie platne
CVC 400,Záhradné grily
CVC 600,Záhradné grily
GR53175,Záhradné grily
GR53176,Záhradné grily
HB53175,Záhradné grily
HB53176,Záhradné grily
F07023,Záhradné grily
53190SE,Záhradné grily
53191SE,Záhradné grily
53198,Záhradné grily
53192SE,Záhradné grily
Blixér 7,Blixéry
Blixér 7 VV,Blixéry
Ponorný mixér Micromix,Ponorný mixér
Mobilný vozík CHPS 400,Záhradné grily
Mobilný vozík CHPS 600,Záhradné grily
Lávový gril 140,Lávové grily
Automatický espreso kávovar SPRSO,Espresso kávovar
Pec na pizzu PM 72.72,Elektrické pece na pizzu
Pec na pizzu PM 105.105,Elektrické pece na pizzu
Pec na pizzu PD 72.72,Elektrické pece na pizzu
Pec na pizzu PD 105.105,Elektrické pece na pizzu
Pec na pizzu Amalfi C,Elektrické pece na pizzu
Pec na pizzu PD 65.105,Elektrické pece na pizzu
Pec na pizzu PD 105.65,Elektrické pece na pizzu
Mobilná chladiaca vitrína FSC 800,Chladiace vitríny
Mobilná chladiaca vitrína FSC 1200,Chladiace vitríny
Priebežná pec na pizzu TT 96 G,Plynové priebežné pece na pizzu
Automatický espreso kávovar SPRSO,Automatické espresso kávovary
Gril na drevené uhlie BUENOS FIRES,Grily na drevené uhlie
Oceľové ohnisko FIRELLA,Grily na drevené uhlie
Elektrická  fritéza s podstavou RFE 16 C,Elektrické fritézy
Mixér SA 66,Mixéry
Sterilizátor vzduchu UVC AIR 18,Sterilizátory
Sterilizátor vzduchu UVC AIR 120,Sterilizátory
Kontaktný gril DOUBLE PREMIUM,Kontaktné grily
Ohrievač toppingov WI 2,Ohrievače toppingov
Pec na pizzu Neapolis 9,Elektrické pece na pizzu
Špirálový miesič cesta IM 25,Špirálové miesiče cesta
Špirálový miesič cesta IM 38,Špirálové miesiče cesta
Špirálový miesič cesta IM 44,Špirálové miesiče cesta
Pultová chladiaca vitrína IRON 4/2,Pultové chladiace vitríny so vstavaným kompresorom
Pultová neutrálna vitrína PLANON 2,Pultové neutrálne vitríny
Pultová neutrálna vitrína PLANON,Pultové neutrálne vitríny
Fritéza s vodnou clonou LUX 5,Fritézy
Držiak na 16 malých diskov,"Disky pre modely CL 20, CL 30 Bistro, CL 40, R 301, R 401, R 402"
Nástroj na čistenie kockovačov,"Disky pre modely CL 50, CL 52, CL 55, CL 60, R 502, R 752"
Nástroj na čistenie kockovačov,"Disky pre modely CL 50, CL 52, CL 55, CL 60, R 502, R 752"
Nástroj na čistenie kockovačov,"Disky pre modely CL 50, CL 52, CL 55, CL 60, R 502, R 752"
Nástroj na čistenie kockovačov,"Disky pre modely CL 50, CL 52, CL 55, CL 60, R 502, R 752"
Ohrievač pizze LINK,Elektrické pece na pizzu
Pec na pizzu Neapolis 4,Elektrické pece na pizzu
"Krájač rezancov 2,5x2,5 mm","Disky pre modely CL 50, CL 52, CL 55, CL 60, R 502, R 752"
Krájač hranoliek 6x6 mm,"Disky pre modely CL 50, CL 52, CL 55, CL 60, R 502, R 752"
Krájač zeleniny CL201,
Držiak na 8 diskov,"Disky pre modely CL 50, CL 52, CL 55, CL 60, R 502, R 752"
Mobilný vozík CHPS 400,Plynové grilovacie platne
Mobilný vozík CHPS 600,Plynové grilovacie platne
Ohrievač šálok WHK,Ohrievač šálok
Lávový gril 140,Záhradné grily
Opekač párkov RG 14 B,Stroje na hot-dog
Hygienický kryt opekačov párkov SNG 1,Stroje na hot-dog
Ponorný mixér MP 350 Ultra TP,Špeciálne verzie
Ponorný mixér MP 800 Turbo TP,Špeciálne verzie
Lis na cesto PIZZA PRESS 33,Lisy na cesto
Lis na cesto PIZZA PRESS 45,Lisy na cesto
Lis na cesto PIZZA PRESS 50,Lisy na cesto
Tvarovač cesta DRV 320 T&G,Tvarovače cesta
Tvarovač cesta DRV 420 T&G,Tvarovače cesta
Tvarovač cesta DRV 420 RP T&G,Tvarovače cesta
Špirálový miesič cesta IBM 5,Miesiče cesta na 230 V
Špirálový miesič cesta IBM 10,Miesiče cesta na 230 V
Špirálový miesič cesta IBM 15,Miesiče cesta na 230 V
Špirálový miesič cesta IBM 20,Miesiče cesta na 230 V
Špirálový miesič cesta IBM 30,Miesiče cesta na 230 V
Špirálový miesič cesta IBM 40,Miesiče cesta na 230 V
Špirálový miesič cesta IBM 50,Miesiče cesta na 230 V
Špirálový miesič cesta IBT 15,Miesiče cesta na 400 V
Špirálový miesič cesta IBT 20,Miesiče cesta na 400 V
Špirálový miesič cesta IBT 30,Miesiče cesta na 400 V
Špirálový miesič cesta IBT 40,Miesiče cesta na 400 V
Špirálový miesič cesta IBT 50,Miesiče cesta na 400 V
Špirálový miesič cesta IBT 60 2V,Miesiče cesta na 400 V
Špirálový miesič cesta IBV 15,Miesiče cesta s reguláciou otáčok
Špirálový miesič cesta IBV 20,Miesiče cesta s reguláciou otáčok
Špirálový miesič cesta IBV 30,Miesiče cesta s reguláciou otáčok
Špirálový miesič cesta IBV 40,Miesiče cesta s reguláciou otáčok
Špirálový miesič cesta IBV 50,Miesiče cesta s reguláciou otáčok
Špirálový miesič cesta IBV 60,Miesiče cesta s reguláciou otáčok
Špirálový miesič cesta IMR 5,Miesiče cesta na 230 V
Špirálový miesič cesta IMR 10,Miesiče cesta na 230 V
Špirálový miesič cesta IMR 15,Miesiče cesta na 230 V
Špirálový miesič cesta IMR 20,Miesiče cesta na 230 V
Špirálový miesič cesta IMR 30,Miesiče cesta na 230 V
Špirálový miesič cesta IMR 40,Miesiče cesta na 230 V
Špirálový miesič cesta IMR 50,Miesiče cesta na 230 V
Špirálový miesič cesta ITR 15,Miesiče cesta na 400 V
Špirálový miesič cesta ITR 20,Miesiče cesta na 400 V
Špirálový miesič cesta ITR 30,Miesiče cesta na 400 V
Špirálový miesič cesta ITR 40,Miesiče cesta na 400 V
Špirálový miesič cesta ITR 50,Miesiče cesta na 400 V
Špirálový miesič cesta IRV 15,Miesiče cesta s reguláciou otáčok
Špirálový miesič cesta IRV 20,Miesiče cesta s reguláciou otáčok
Špirálový miesič cesta IRV 30,Miesiče cesta s reguláciou otáčok
Špirálový miesič cesta IRV 40,Miesiče cesta s reguláciou otáčok
Špirálový miesič cesta IRV 50,Miesiče cesta s reguláciou otáčok
Špirálový miesič cesta IBT 15 2V H2O,Miesiče cesta H²O s pevnou hlavou a nádobou
Špirálový miesič cesta IBT 20 2V H2O,Miesiče cesta H²O s pevnou hlavou a nádobou
Špirálový miesič cesta IBT 30 2V H2O,Miesiče cesta H²O s pevnou hlavou a nádobou
Špirálový miesič cesta IBT 40 2V H2O,Miesiče cesta H²O s pevnou hlavou a nádobou
Špirálový miesič cesta IBT 50 2V H2O,Miesiče cesta H²O s pevnou hlavou a nádobou
Špirálový miesič cesta IBT 60 2V H2O,Miesiče cesta H²O s pevnou hlavou a nádobou
Špirálový miesič cesta ITR 15 2V H2O,Miesiče cesta H²O s výklopnou hlavou a odpojiteľnou nádobou
Špirálový miesič cesta ITR 20 2V H2O,Miesiče cesta H²O s výklopnou hlavou a odpojiteľnou nádobou
Špirálový miesič cesta ITR 30 2V H2O,Miesiče cesta H²O s výklopnou hlavou a odpojiteľnou nádobou
Špirálový miesič cesta ITR 40 2V H2O,Miesiče cesta H²O s výklopnou hlavou a odpojiteľnou nádobou
Špirálový miesič cesta ITR 50 2V H2O,Miesiče cesta H²O s výklopnou hlavou a odpojiteľnou nádobou
